"state","year","pct_D","pct_R","pct_I","win_D","win_R","win_I"
"AK",1958,59.6083,39.4115,0.980232,1,0,0
"AK",1962,52.2697,47.7303,0,1,0,NA
"AK",1966,48.3679,49.997,1.63514,0,1,0
"AK",1970,52.3762,46.1308,1.49296,1,0,0
"AK",1974,47.4087,47.6395,4.95179,0,1,0
"AK",1982,46.2277,37.1655,14.9436,1,0,0
"AK",1986,47.832,43.0862,5.63839,1,0,0
"AK",1994,43.265,43.0006,13.7344,1,0,0
"AK",2002,40.8811,55.8799,1.22994,0,1,0
"AK",2006,41.0394,48.408,9.4721,0,1,0
"AK",2010,37.807,59.2721,1.87039,0,1,0
"AL",1946,88.6672,11.3328,0,1,0,NA
"AL",1950,91.1033,8.89672,0,1,0,NA
"AL",1954,73.3741,26.6259,0,1,0,NA
"AL",1958,88.4415,11.2253,0.333271,1,0,0
"AL",1962,96.2667,3.73334,0,1,0,NA
"AL",1966,63.3775,31.0037,5.61879,1,0,0
"AL",1974,83.1639,14.7719,2.06416,1,0,0
"AL",1978,72.5713,25.9,1.06552,1,0,0
"AL",1982,57.6414,39.0587,1.58923,1,0,0
"AL",1986,43.5526,56.4474,0,0,1,NA
"AL",1990,47.8853,52.1147,0,0,1,NA
"AL",1994,49.5515,50.4485,0,0,1,NA
"AL",1998,57.8108,42.1892,0,1,0,NA
"AL",2002,49.033,49.2616,1.70541,0,1,0
"AL",2006,41.984,58.016,0,0,1,NA
"AL",2010,42.1018,57.8982,0,0,1,NA
"AR",1946,84.1399,15.8601,0,1,0,NA
"AR",1948,89.1514,10.8486,0,1,0,NA
"AR",1950,84.1356,15.8644,0,1,0,NA
"AR",1952,87.4122,12.5878,0,1,0,NA
"AR",1954,62.1025,37.8975,0,1,0,NA
"AR",1956,80.6485,19.3515,0,1,0,NA
"AR",1958,82.4711,17.5289,0,1,0,NA
"AR",1960,69.2119,30.7881,0,1,0,NA
"AR",1962,73.2713,26.7287,0,1,0,NA
"AR",1964,57.0035,42.9965,0,1,0,NA
"AR",1966,45.6416,54.3584,0,0,1,NA
"AR",1968,47.5658,52.4342,0,0,1,NA
"AR",1970,61.6627,32.4062,5.93108,1,0,0
"AR",1972,75.4383,24.5617,0,1,0,NA
"AR",1974,65.5742,34.4104,0.0153853,1,0,0
"AR",1976,83.236,16.7434,0.0206342,1,0,0
"AR",1978,63.3567,36.631,0.0122894,1,0,0
"AR",1980,48.0664,51.9336,0,0,1,NA
"AR",1982,54.7101,45.2899,0,1,0,NA
"AR",1984,62.5528,37.4472,0,1,0,NA
"AR",1986,63.8971,36.0864,0.0164143,1,0,0
"AR",1990,57.4945,42.4941,0.0113442,1,0,0
"AR",1994,59.8371,40.1629,0,1,0,NA
"AR",1998,38.657,59.7709,1.57207,0,1,0
"AR",2002,46.9682,53.0318,0,0,1,NA
"AR",2006,55.6295,40.6847,2.03617,1,0,0
"AR",2010,64.4779,33.6629,1.85913,1,0,0
"AZ",1946,60.0962,39.9038,0,1,0,NA
"AZ",1948,59.1738,40.0638,0.762373,1,0,0
"AZ",1950,49.234,50.766,0,0,1,NA
"AZ",1952,39.8383,60.1617,0,0,1,NA
"AZ",1954,52.5081,47.4919,0,1,0,NA
"AZ",1956,59.547,40.453,0,1,0,NA
"AZ",1958,44.8691,55.1309,0,0,1,NA
"AZ",1960,40.6956,59.3044,0,0,1,NA
"AZ",1962,45.1735,54.8265,0,0,1,NA
"AZ",1964,53.2412,46.7588,0,1,0,NA
"AZ",1966,46.2291,53.7709,0,0,1,NA
"AZ",1968,42.1644,57.8356,0,0,1,NA
"AZ",1970,49.1124,50.8876,0,0,1,NA
"AZ",1974,50.4122,49.5608,0.0269831,1,0,0
"AZ",1978,52.4746,44.7666,1.93499,1,0,0
"AZ",1982,62.4786,32.4756,5.04584,1,0,0
"AZ",1986,34.4858,39.6677,25.8465,0,1,0
"AZ",1990,49.2534,49.6603,1.04091,0,1,0
"AZ",1994,44.3328,52.5486,3.1186,0,1,0
"AZ",1998,36.8277,63.1723,0,0,1,NA
"AZ",2002,49.6259,48.5902,1.78388,1,0,0
"AZ",2006,62.5857,35.4407,1.97362,1,0,0
"AZ",2010,42.4721,54.3352,2.2408,0,1,0
"CA",1950,35.1421,64.8579,0,0,1,NA
"CA",1954,43.1617,56.8383,0,0,1,NA
"CA",1958,59.7651,40.177,0.0437949,1,0,0
"CA",1962,51.9416,46.8664,1.19203,1,0,0
"CA",1966,42.3465,57.6535,0,0,1,NA
"CA",1970,45.1394,52.836,1.01311,0,1,0
"CA",1974,50.1587,47.2966,1.34331,1,0,0
"CA",1978,56.0419,36.5039,5.46084,1,0,0
"CA",1982,48.0892,49.2744,1.02936,0,1,0
"CA",1986,37.3711,60.5442,0.707034,0,1,0
"CA",1990,45.7863,49.2504,1.89146,0,1,0
"CA",1994,42.4061,57.5939,0,0,1,NA
"CA",1998,60.1669,39.8331,0,1,0,NA
"CA",2002,47.3931,42.3524,5.19916,1,0,0
"CA",2006,38.9067,55.8835,2.37347,0,1,0
"CA",2010,53.7716,40.8862,1.6475,1,0,0
"CO",1946,52.1071,47.8929,0,1,0,NA
"CO",1948,66.3275,33.6725,0,1,0,NA
"CO",1950,47.2237,52.4335,0.342798,0,1,0
"CO",1952,42.4192,57.0807,0.500135,0,1,0
"CO",1954,53.5615,46.4385,0,1,0,NA
"CO",1956,51.3432,48.6568,0,1,0,NA
"CO",1958,58.414,41.586,0,1,0,NA
"CO",1962,42.6437,56.6671,0.407312,0,1,0
"CO",1966,43.5007,54.0448,2.45446,0,1,0
"CO",1970,45.2407,52.4596,1.82185,0,1,0
"CO",1974,53.2227,45.7083,0.774336,1,0,0
"CO",1978,59.6632,39.1141,0.479539,1,0,0
"CO",1982,65.6847,31.6667,2.02391,1,0,0
"CO",1986,58.2028,41.0244,0.772764,1,0,0
"CO",1990,61.9054,35.4408,1.8719,1,0,0
"CO",1994,58.902,41.098,0,1,0,NA
"CO",1998,48.8362,49.4694,1.69441,0,1,0
"CO",2002,33.6523,62.6208,2.27233,0,1,0
"CO",2006,56.9882,40.1624,1.49661,1,0,0
"CT",1946,40.4098,54.3778,4.71476,0,1,0
"CT",1948,49.3075,49.002,1.44606,1,0,0
"CT",1950,47.7282,49.6643,2.6075,0,1,0
"CT",1954,49.4947,49.1622,1.19124,1,0,0
"CT",1958,62.289,37.0078,0.703226,1,0,0
"CT",1962,53.2065,46.7935,0,1,0,NA
"CT",1966,55.7067,44.2933,0,1,0,NA
"CT",1970,46.2318,53.7682,0,0,1,NA
"CT",1974,58.3606,39.9206,1.51096,1,0,0
"CT",1978,59.2133,40.7867,0,1,0,NA
"CT",1982,53.3515,45.9253,0.723238,1,0,0
"CT",1986,57.9292,41.1082,0.962572,1,0,0
"CT",1994,37.2555,41.2348,21.5097,0,1,0
"CT",1998,36.0351,63.9649,0,0,1,NA
"CT",2002,43.9036,56.0964,0,0,1,NA
"CT",2006,35.4474,63.2046,0.853115,0,1,0
"CT",2010,49.5102,48.9512,1.5386,1,0,0
"DE",1948,53.6851,46.3149,0,1,0,NA
"DE",1952,47.8902,52.1098,0,0,1,NA
"DE",1956,48.0459,51.9541,0,0,1,NA
"DE",1960,51.732,48.268,0,1,0,NA
"DE",1964,51.3546,48.6454,0,1,0,NA
"DE",1968,49.489,50.511,0,0,1,NA
"DE",1972,51.2736,47.911,0.641827,1,0,0
"DE",1976,42.4633,56.8606,0.546691,0,1,0
"DE",1980,28.5363,70.6571,0.806538,0,1,0
"DE",1984,44.4707,55.5293,0,0,1,NA
"DE",1988,29.2688,70.7312,0,0,1,NA
"DE",1992,66.4093,33.5907,0,1,0,NA
"DE",1996,69.5547,30.4453,0,1,0,NA
"DE",2000,59.2439,39.7452,1.01091,1,0,0
"DE",2004,50.8687,45.7858,3.3455,1,0,0
"DE",2008,67.5249,32.0498,0.42535,1,0,0
"DE",2012,69.3399,28.5891,1.14941,1,0,0
"FL",1948,83.3586,16.6414,0,1,0,NA
"FL",1952,74.8333,25.1667,0,1,0,NA
"FL",1956,73.6896,26.3104,0,1,0,NA
"FL",1960,59.8451,40.1549,0,1,0,NA
"FL",1964,57.6321,42.3679,0,1,0,NA
"FL",1966,44.8652,55.1348,0,0,1,NA
"FL",1970,56.8782,43.1218,0,1,0,NA
"FL",1974,61.1988,38.8012,0,1,0,NA
"FL",1978,55.5858,44.4142,0,1,0,NA
"FL",1982,64.7019,35.2981,0,1,0,NA
"FL",1986,45.4384,54.561,0.00062017,0,1,0
"FL",1990,56.5075,43.4756,0.016908,1,0,0
"FL",1994,50.7601,49.2399,0,1,0,NA
"FL",1998,44.7158,55.2842,0,0,1,NA
"FL",2002,43.1553,56.0207,0.823959,0,1,0
"FL",2006,45.106,52.1786,1.91737,0,1,0
"FL",2010,47.7224,48.8708,2.3104,0,1,0
"GA",1954,100,0,0,1,0,NA
"GA",1958,100,0,0,1,0,NA
"GA",1962,100,0,0,1,0,NA
"GA",1966,47.4308,47.7506,4.81859,0,1,0
"GA",1970,59.3474,40.6526,0,1,0,NA
"GA",1974,69.1082,30.8918,0,1,0,NA
"GA",1978,80.6644,19.3356,0,1,0,NA
"GA",1982,62.8187,37.1813,0,1,0,NA
"GA",1986,70.509,29.491,0,1,0,NA
"GA",1990,52.8859,44.5366,2.57752,1,0,0
"GA",1994,51.0534,48.9466,0,1,0,NA
"GA",1998,52.4917,44.0762,3.4321,1,0,0
"GA",2002,46.2122,51.42,2.36781,0,1,0
"GA",2006,38.2176,57.9461,3.83623,0,1,0
"GA",2010,42.9734,53.0207,4.00592,0,1,0
"HI",1959,48.6618,51.1158,0.222338,0,1,0
"HI",1962,58.3159,41.6841,0,1,0,NA
"HI",1966,51.0593,48.9407,0,1,0,NA
"HI",1970,57.6472,42.3528,0,1,0,NA
"HI",1974,54.5812,45.4188,0,1,0,NA
"HI",1978,54.4748,44.2528,0.703868,1,0,0
"HI",1986,51.9746,48.0254,0,1,0,NA
"HI",1990,59.8271,38.6056,0.8482,1,0,0
"HI",1998,50.6516,49.3484,0,1,0,NA
"HI",2002,47.0145,51.5582,0.670226,0,1,0
"HI",2006,35.3505,62.5337,1.5785,0,1,0
"HI",2010,58.2189,41.1203,0.330664,1,0,0
"IA",1946,42.1399,57.4011,0.458934,0,1,0
"IA",1948,43.6689,55.6778,0.358855,0,1,0
"IA",1950,40.5006,59.1034,0.327223,0,1,0
"IA",1952,47.7767,51.8999,0.225603,0,1,0
"IA",1954,48.3454,51.3726,0.281997,0,1,0
"IA",1956,51.2236,48.7764,0,1,0,NA
"IA",1958,54.1295,45.8705,0,1,0,NA
"IA",1960,47.8594,52.1406,0,0,1,NA
"IA",1962,52.558,47.442,0,1,0,NA
"IA",1964,68.0476,31.2686,0.683808,1,0,0
"IA",1966,55.3375,44.1704,0.412015,1,0,0
"IA",1968,45.8622,54.0552,0.0825354,0,1,0
"IA",1970,46.6245,50.9826,2.39283,0,1,0
"IA",1972,40.2654,58.436,1.29857,0,1,0
"IA",1974,41.0208,58.0749,0.904287,0,1,0
"IA",1978,40.9813,58.3211,0.468145,0,1,0
"IA",1982,46.5743,52.8404,0.318692,0,1,0
"IA",1986,48.0364,51.9636,0,0,1,NA
"IA",1990,38.8905,60.6725,0.437012,0,1,0
"IA",1994,42.0187,57.4232,0.558117,0,1,0
"IA",1998,52.9335,47.0665,0,1,0,NA
"IA",2002,52.6844,44.618,1.42463,1,0,0
"IA",2006,54.0892,44.4318,0.746194,1,0,0
"IA",2010,43.3169,52.9395,1.86376,0,1,0
"ID",1946,43.631,56.369,0,0,1,NA
"ID",1950,47.4384,52.5616,0,0,1,NA
"ID",1954,45.7603,54.2397,0,0,1,NA
"ID",1958,49.0433,50.9567,0,0,1,NA
"ID",1962,45.3608,54.6392,0,0,1,NA
"ID",1966,37.1437,41.4396,12.2485,0,1,0
"ID",1970,52.2227,47.7773,0,1,0,NA
"ID",1974,70.9287,26.4684,2.6029,1,0,0
"ID",1978,58.7526,39.5573,1.69008,1,0,0
"ID",1982,50.6444,49.3556,0,1,0,NA
"ID",1986,49.9267,48.9885,1.08485,1,0,0
"ID",1990,68.2053,31.7947,0,1,0,NA
"ID",1994,43.8839,52.2947,3.82139,0,1,0
"ID",1998,29.0664,67.6974,3.23621,0,1,0
"ID",2002,41.7322,56.278,1.98982,0,1,0
"ID",2006,44.1062,52.6664,1.62122,0,1,0
"ID",2010,32.8549,59.1077,5.89015,0,1,0
"IL",1948,57.1049,42.5864,0.240873,1,0,0
"IL",1952,47.3231,52.4782,0.198761,0,1,0
"IL",1956,49.4814,50.3361,0.182498,0,1,0
"IL",1960,55.5119,44.296,0.192033,1,0,0
"IL",1964,51.9248,48.0752,0,1,0,NA
"IL",1968,48.3692,51.2053,0.425546,0,1,0
"IL",1972,50.6941,49.0374,0.170298,1,0,0
"IL",1976,34.7138,64.6822,0.217541,0,1,0
"IL",1978,40.0995,59.0376,0.36254,0,1,0
"IL",1982,49.2992,49.4373,0.664671,0,1,0
"IL",1990,48.1738,50.7497,1.07653,0,1,0
"IL",1994,35.0292,64.9708,0,0,1,NA
"IL",1998,48.1878,51.8122,0,0,1,NA
"IL",2002,52.1927,45.0696,2.08523,1,0,0
"IL",2006,49.7961,39.2549,10.3584,1,0,0
"IL",2010,46.7919,45.9384,3.63845,1,0,0
"IN",1948,53.561,45.1423,0.822,1,0,0
"IN",1952,43.5839,55.6811,0.649837,0,1,0
"IN",1956,43.9747,55.6145,0.347492,0,1,0
"IN",1960,50.3868,49.2981,0.276754,1,0,0
"IN",1964,56.1856,43.4788,0.27838,1,0,0
"IN",1968,47.1343,52.72,0.145676,0,1,0
"IN",1972,42.4589,56.7652,0.401962,0,1,0
"IN",1976,42.6255,56.8446,0.452806,0,1,0
"IN",1980,41.9168,57.7204,0.362835,0,1,0
"IN",1984,47.176,52.1612,0.339174,0,1,0
"IN",1988,53.185,46.815,0,1,0,NA
"IN",1992,62.6916,37.3084,0,1,0,NA
"IN",1996,52.4142,47.5858,0,1,0,NA
"IN",2000,56.5568,41.6784,1.76472,1,0,0
"IN",2004,45.4927,53.2129,1.29444,0,1,0
"IN",2008,40.0356,57.8413,2.12209,0,1,0
"IN",2012,46.5608,49.4867,3.9525,0,1,0
"KS",1946,44.0169,53.4996,2.16672,0,1,0
"KS",1948,40.4369,56.9953,2.24025,0,1,0
"KS",1950,44.484,53.7697,1.52282,0,1,0
"KS",1952,41.6771,56.3371,1.76222,0,1,0
"KS",1954,45.969,52.9795,0.888324,0,1,0
"KS",1956,55.4609,42.1234,2.41567,1,0,0
"KS",1958,56.4593,42.5356,1.00511,1,0,0
"KS",1960,43.6045,55.4495,0.945994,0,1,0
"KS",1962,45.5995,53.4224,0.978099,0,1,0
"KS",1964,47.067,50.8772,1.38944,0,1,0
"KS",1966,54.8419,43.917,0.684316,1,0,0
"KS",1968,51.8591,47.6159,0.525004,1,0,0
"KS",1970,54.2964,44.7171,0.578644,1,0,0
"KS",1972,61.9885,37.0505,0.960988,1,0,0
"KS",1974,49.0021,49.4712,1.52677,0,1,0
"KS",1978,49.4176,47.2688,2.31621,1,0,0
"KS",1982,53.1628,44.4612,0.99507,1,0,0
"KS",1986,48.1008,51.8992,0,0,1,NA
"KS",1990,48.5889,42.5863,8.82482,1,0,0
"KS",1994,35.906,64.094,0,0,1,NA
"KS",1998,22.8953,74.1503,2.9544,0,1,0
"KS",2002,52.8733,45.092,1.06582,1,0,0
"KS",2006,57.9022,40.4363,1.04696,1,0,0
"KS",2010,32.2093,63.2774,2.67769,0,1,0
"KY",1947,57.2409,42.4745,0.284584,1,0,0
"KY",1951,54.5976,45.4024,0,1,0,NA
"KY",1955,58.0159,41.4484,0.345156,1,0,0
"KY",1959,60.5564,39.4436,0,1,0,NA
"KY",1963,50.7367,49.2633,0,1,0,NA
"KY",1967,47.9932,51.2007,0.806024,0,1,0
"KY",1971,50.5721,44.3336,4.24295,1,0,0
"KY",1975,62.8423,37.1577,0,1,0,NA
"KY",1979,59.4867,40.5133,0,1,0,NA
"KY",1983,54.496,44.112,1.39201,1,0,0
"KY",1987,64.8836,35.1164,0,1,0,NA
"KY",1991,64.7329,35.2671,0,1,0,NA
"KY",1995,51.1,48.9,0,1,0,NA
"KY",1999,61.0487,22.3299,15.4191,1,0,0
"KY",2003,44.964,55.036,0,0,1,NA
"KY",2007,58.7072,41.2928,0,1,0,NA
"KY",2011,55.7224,35.2923,8.9853,1,0,0
"LA",1948,100,0,0,1,0,NA
"LA",1952,95.9913,4.0087,0,1,0,NA
"LA",1956,100,0,0,1,0,NA
"LA",1960,80.5246,17.0038,2.47156,1,0,0
"LA",1964,60.7206,38.5012,0.778163,1,0,0
"LA",1968,100,0,0,1,0,NA
"LA",1972,57.165,42.835,0,1,0,NA
"MA",1946,45.3085,54.1243,0.424131,0,1,0
"MA",1948,59.0331,40.4858,0.345791,1,0,0
"MA",1950,56.2555,43.1413,0.408657,1,0,0
"MA",1952,49.2938,49.9073,0.318383,0,1,0
"MA",1954,47.8044,51.7572,0.302873,0,1,0
"MA",1956,52.7644,46.8727,0.247834,1,0,0
"MA",1958,56.1856,43.0974,0.41446,1,0,0
"MA",1960,46.7862,52.5159,0.391978,0,1,0
"MA",1962,49.9422,49.6847,0.259686,1,0,0
"MA",1964,49.2941,50.2791,0.268093,0,1,0
"MA",1966,36.878,62.5815,0.320365,0,1,0
"MA",1970,42.7914,56.6767,0.361222,0,1,0
"MA",1974,53.5002,42.2893,3.40119,1,0,0
"MA",1978,52.6637,47.3363,0,1,0,NA
"MA",1982,59.4753,36.5737,3.07683,1,0,0
"MA",1986,68.7869,31.2131,0,1,0,NA
"MA",1990,47.018,50.2643,2.68045,0,1,0
"MA",1994,28.5145,71.4855,0,0,1,NA
"MA",1998,47.4358,50.8714,1.69284,0,1,0
"MA",2002,44.9629,49.797,3.48993,0,1,0
"MA",2006,55.7015,35.3762,6.97419,1,0,0
"MA",2010,48.4773,42.0524,8.0366,1,0,0
"MD",1946,54.7293,45.2707,0,1,0,NA
"MD",1950,42.7216,57.2784,0,0,1,NA
"MD",1954,45.5447,54.4553,0,0,1,NA
"MD",1958,63.5534,36.4466,0,1,0,NA
"MD",1962,55.6412,44.3588,0,1,0,NA
"MD",1966,40.6131,49.504,9.8829,0,1,0
"MD",1970,65.726,32.3026,1.97143,1,0,0
"MD",1974,63.497,36.503,0,1,0,NA
"MD",1978,70.9836,29.0164,0,1,0,NA
"MD",1982,61.9907,38.0093,0,1,0,NA
"MD",1986,82.3705,17.6295,0,1,0,NA
"MD",1990,59.7604,40.2276,0.0120598,1,0,0
"MD",1994,50.2125,49.7875,0,1,0,NA
"MD",1998,55.1655,44.8345,0,1,0,NA
"MD",2002,47.6947,51.6287,0.676611,0,1,0
"MD",2006,52.7363,46.1985,0.870339,1,0,0
"MD",2010,56.2911,41.8196,0.761547,1,0,0
"ME",1946,38.6905,61.3095,0,0,1,NA
"ME",1948,34.4018,65.5982,0,0,1,NA
"ME",1950,39.1016,60.4631,0.435365,0,1,0
"ME",1952,33.443,52.079,14.478,0,1,0
"ME",1954,54.4935,45.5065,0,1,0,NA
"ME",1956,59.1678,40.8322,0,1,0,NA
"ME",1958,51.9806,48.0194,0,1,0,NA
"ME",1960,47.325,52.675,0,0,1,NA
"ME",1962,49.9175,50.0825,0,0,1,NA
"ME",1966,53.1241,46.8759,0,1,0,NA
"ME",1970,50.1368,49.8632,0,1,0,NA
"ME",1978,47.7173,34.2989,17.814,1,0,0
"ME",1982,61.0697,37.5782,0.793068,1,0,0
"ME",1986,30.1616,39.9,15.0679,0,1,0
"ME",1990,44.0533,46.6823,9.26441,0,1,0
"ME",2002,47.0899,41.4023,9.3112,1,0,0
"ME",2006,38.1086,30.2116,21.5507,1,0,0
"MI",1946,38.7003,60.2762,0.718959,0,1,0
"MI",1948,53.4124,45.6582,0.721637,1,0,0
"MI",1950,49.7587,49.6973,0.452864,1,0,0
"MI",1952,49.9618,49.6611,0.31368,1,0,0
"MI",1954,55.6147,44.0461,0.266298,1,0,0
"MI",1956,54.6527,45.133,0.214389,1,0,0
"MI",1958,53.0033,46.6264,0.172261,1,0,0
"MI",1960,50.4808,49.2028,0.104025,1,0,0
"MI",1962,48.4485,51.3627,0.188765,0,1,0
"MI",1964,43.7443,55.8696,0.17888,0,1,0
"MI",1966,39.1328,60.5415,0.325652,0,1,0
"MI",1970,48.7427,50.4035,0.677262,0,1,0
"MI",1974,46.7537,51.0676,1.07922,0,1,0
"MI",1978,43.174,56.826,0,0,1,NA
"MI",1982,51.3619,45.0553,2.64124,1,0,0
"MI",1986,68.1403,31.4641,0.395656,1,0,0
"MI",1990,49.1087,49.7952,1.09612,0,1,0
"MI",1994,38.4914,61.5086,0,0,1,NA
"MI",1998,37.7844,62.2156,0,0,1,NA
"MI",2002,51.3683,47.4137,0.806544,1,0,0
"MI",2006,56.3638,42.3045,0.618854,1,0,0
"MI",2010,39.9038,58.1153,0.694035,0,1,0
"MN",1946,39.7076,58.9616,1.33084,0,1,0
"MN",1948,45.0707,53.1497,1.23465,0,1,0
"MN",1950,38.2787,60.7472,0.974077,0,1,0
"MN",1952,44.0125,55.3346,0.368392,0,1,0
"MN",1954,52.7262,46.8002,0.47359,1,0,0
"MN",1956,51.4133,48.1799,0.406775,1,0,0
"MN",1958,56.7564,42.3075,0.936103,1,0,0
"MN",1960,49.0841,50.5599,0.355939,0,1,0
"MN",1962,49.7105,49.7032,0.586332,1,0,0
"MN",1966,46.9433,52.5531,0.503607,0,1,0
"MN",1970,54.0426,45.5369,0.350143,1,0,0
"MN",1974,62.8048,29.3532,4.80144,1,0,0
"MN",1978,45.2981,52.3475,1.32808,0,1,0
"MN",1982,58.7556,39.8645,0.578649,1,0,0
"MN",1986,56.1136,43.0902,0.298842,1,0,0
"MN",1990,46.7641,50.1066,1.18216,0,1,0
"MN",1994,35.0069,64.9931,0,0,1,NA
"MN",2002,36.4871,44.393,16.1938,0,1,0
"MN",2006,45.7523,46.7109,6.43668,0,1,0
"MN",2010,43.6657,43.2491,11.9462,1,0,0
"MO",1948,56.9815,42.7517,0.183368,1,0,0
"MO",1952,52.5479,47.3689,0.0486906,1,0,0
"MO",1956,52.0659,47.9341,0,1,0,NA
"MO",1960,58.0289,41.9711,0,1,0,NA
"MO",1964,62.0614,37.9386,0,1,0,NA
"MO",1968,60.7089,39.2911,0,1,0,NA
"MO",1972,44.6352,55.1782,0.18658,0,1,0
"MO",1976,50.2291,49.5529,0.217997,1,0,0
"MO",1980,47.0245,52.631,0.344488,0,1,0
"MO",1984,43.3402,56.6598,0,0,1,NA
"MO",1988,34.753,64.2178,1.02914,0,1,0
"MO",1992,58.6786,41.3214,0,1,0,NA
"MO",1996,56.6382,40.9835,2.37836,1,0,0
"MO",2000,49.3566,48.4384,1.47421,1,0,0
"MO",2004,47.8553,50.8329,0.896402,0,1,0
"MO",2008,58.3998,39.4877,1.10676,1,0,0
"MO",2012,54.7709,42.5344,2.69478,1,0,0
"MS",1951,100,0,0,1,0,NA
"MS",1955,100,0,0,1,0,NA
"MS",1959,100,0,0,1,0,NA
"MS",1963,61.9281,38.0719,0,1,0,NA
"MS",1967,70.2741,29.7259,0,1,0,NA
"MS",1975,52.1743,45.1669,2.65878,1,0,0
"MS",1979,59.4149,37.8798,2.70529,1,0,0
"MS",1983,55.0947,38.8784,4.11895,1,0,0
"MS",1987,53.4421,46.5579,0,1,0,NA
"MS",1991,48.3523,51.6477,0,0,1,NA
"MS",1995,44.4445,55.5555,0,0,1,NA
"MS",1999,50.4505,49.5495,0,1,0,NA
"MS",2003,45.8125,52.5892,0.706215,0,1,0
"MS",2007,42.1016,57.8984,0,0,1,NA
"MS",2011,39.0184,60.9816,0,0,1,NA
"MT",1948,55.7341,43.86,0.405895,1,0,0
"MT",1952,49.042,50.958,0,0,1,NA
"MT",1956,48.6333,51.3667,0,0,1,NA
"MT",1960,44.8944,55.1056,0,0,1,NA
"MT",1964,48.7097,51.2903,0,0,1,NA
"MT",1968,54.1081,41.8651,4.02679,1,0,0
"MT",1972,54.1242,45.8758,0,1,0,NA
"MT",1976,61.7012,36.5774,1.72139,1,0,0
"MT",1980,55.3656,44.6344,0,1,0,NA
"MT",1984,70.3428,26.4058,3.25144,1,0,0
"MT",1988,46.1317,51.9327,1.93558,0,1,0
"MT",1992,48.6538,51.3462,0,0,1,NA
"MT",1996,19.2506,80.7494,0,0,1,NA
"MT",2000,47.0831,50.9847,1.93227,0,1,0
"MT",2004,50.4283,46.0301,1.87956,1,0,0
"MT",2008,65.4711,32.5163,2.0126,1,0,0
"MT",2012,48.9049,47.339,3.75603,1,0,0
"NC",1948,73.1553,26.4138,0.430864,1,0,0
"NC",1952,67.5044,32.4956,0,1,0,NA
"NC",1956,66.952,33.048,0,1,0,NA
"NC",1960,54.4483,45.4675,0.0841998,1,0,0
"NC",1964,56.5942,43.4058,0,1,0,NA
"NC",1968,52.7003,47.2997,0,1,0,NA
"NC",1972,48.4524,51.002,0.545659,0,1,0
"NC",1976,64.9908,33.9052,0.817665,1,0,0
"NC",1980,61.8775,37.4276,0.53864,1,0,0
"NC",1984,45.4123,54.2575,0.207075,0,1,0
"NC",1988,43.9301,56.0699,0,0,1,NA
"NC",1992,54.9452,45.0548,0,1,0,NA
"NC",1996,56.3111,43.0006,0.688251,1,0,0
"NC",2000,52.159,46.3865,1.45449,1,0,0
"NC",2004,55.5996,42.8954,1.50498,1,0,0
"NC",2008,50.2745,46.8774,2.84811,1,0,0
"NC",2012,43.2411,54.6386,2.11892,0,1,0
"ND",1946,31.1227,68.8773,0,0,1,NA
"ND",1948,37.5213,61.2976,0.871333,0,1,0
"ND",1950,33.7103,66.2897,0,0,1,NA
"ND",1952,21.2614,78.7386,0,0,1,NA
"ND",1954,35.7869,64.2131,0,0,1,NA
"ND",1956,41.543,58.457,0,0,1,NA
"ND",1958,46.8962,53.1038,0,0,1,NA
"ND",1960,49.4409,44.4797,6.07935,1,0,0
"ND",1962,50.4392,49.5608,0,1,0,NA
"ND",1964,55.7426,44.2574,0,1,0,NA
"ND",1968,54.8206,43.7024,1.47702,1,0,0
"ND",1972,51.0405,48.9595,0,1,0,NA
"ND",1976,51.576,46.5337,1.89033,1,0,0
"ND",1980,46.3917,53.6083,0,0,1,NA
"ND",1984,55.3219,44.6781,0,1,0,NA
"ND",1988,59.8816,40.1184,0,1,0,NA
"ND",1992,41.2483,58.7517,0,0,1,NA
"ND",1996,33.8077,66.1923,0,0,1,NA
"ND",2000,44.9704,55.0296,0,0,1,NA
"ND",2004,27.3909,71.256,1.35313,0,1,0
"ND",2008,23.5289,74.4425,2.02856,0,1,0
"ND",2012,34.3407,63.1481,1.68668,0,1,0
"NE",1946,34.4945,65.5055,0,0,1,NA
"NE",1948,39.933,60.067,0,0,1,NA
"NE",1950,45.058,54.942,0,0,1,NA
"NE",1952,38.567,61.433,0,0,1,NA
"NE",1954,39.7155,60.2845,0,0,1,NA
"NE",1956,40.1552,54.2836,5.56121,0,1,0
"NE",1958,50.1948,49.8052,0,1,0,NA
"NE",1960,52.008,47.992,0,1,0,NA
"NE",1962,52.237,47.763,0,1,0,NA
"NE",1964,60.0334,39.9666,0,1,0,NA
"NE",1966,38.4561,61.5439,0,0,1,NA
"NE",1970,53.8622,43.7729,2.36489,1,0,0
"NE",1974,59.1897,35.4191,5.39112,1,0,0
"NE",1978,44.0354,55.9646,0,0,1,NA
"NE",1982,50.6604,49.3396,0,1,0,NA
"NE",1986,47.0568,52.9432,0,0,1,NA
"NE",1990,50.1837,49.4929,0.323449,1,0,0
"NE",1994,74.4651,25.5349,0,1,0,NA
"NE",1998,46.0308,53.9692,0,0,1,NA
"NE",2002,27.4022,68.7644,3.8334,0,1,0
"NE",2006,24.4566,73.3971,1.50887,0,1,0
"NE",2010,26.0955,73.9045,0,0,1,NA
"NH",1946,36.8594,63.1406,0,0,1,NA
"NH",1948,47.269,52.2135,0.517588,0,1,0
"NH",1950,43.0298,56.9702,0,0,1,NA
"NH",1952,36.853,63.147,0,0,1,NA
"NH",1954,44.8767,55.1233,0,0,1,NA
"NH",1956,45.2722,54.7278,0,0,1,NA
"NH",1958,48.347,51.653,0,0,1,NA
"NH",1960,44.5411,55.4589,0,0,1,NA
"NH",1962,58.8925,41.1075,0,1,0,NA
"NH",1964,66.8084,33.1916,0,1,0,NA
"NH",1966,53.8874,45.9153,0.197344,1,0,0
"NH",1968,47.4544,52.5456,0,0,1,NA
"NH",1970,44.1031,45.9913,9.90563,0,1,0
"NH",1972,39.0414,41.3928,19.5658,0,1,0
"NH",1974,48.8209,51.1791,0,0,1,NA
"NH",1976,42.2666,57.7334,0,0,1,NA
"NH",1978,49.3841,45.4265,4.58071,1,0,0
"NH",1980,58.9782,40.6786,0.34329,1,0,0
"NH",1982,46.8337,51.4722,1.69404,0,1,0
"NH",1984,33.1371,66.8629,0,0,1,NA
"NH",1986,46.278,53.722,0,0,1,NA
"NH",1988,39.0675,60.4306,0.501974,0,1,0
"NH",1990,34.5984,60.313,4.87228,0,1,0
"NH",1992,41.6292,58.3708,0,0,1,NA
"NH",1994,25.579,70.0204,4.40055,0,1,0
"NH",1996,57.9002,39.9976,2.1022,1,0,0
"NH",1998,68.1567,31.8433,0,1,0,NA
"NH",2000,49.2993,44.265,6.43563,1,0,0
"NH",2002,38.2514,58.7931,2.95557,0,1,0
"NH",2004,51.0338,48.9662,0,1,0,NA
"NH",2008,70.1807,27.6237,2.19563,1,0,0
"NH",2010,52.7016,45.0862,2.21225,1,0,0
"NH",2012,54.6636,42.5593,2.77708,1,0,0
"NJ",1946,41.4244,57.0776,0.694437,0,1,0
"NJ",1949,47.1275,51.5411,0.630677,0,1,0
"NJ",1953,53.1645,44.6798,1.28511,1,0,0
"NJ",1957,54.5522,44.4551,0.312412,1,0,0
"NJ",1961,50.3653,48.7431,0.270363,1,0,0
"NJ",1965,57.3905,41.0837,0.930802,1,0,0
"NJ",1969,38.4941,59.6595,0.453181,0,1,0
"NJ",1973,66.3946,32.125,0.304607,1,0,0
"NJ",1977,55.711,41.8048,0.408087,1,0,0
"NJ",1981,49.3778,49.4554,0.195275,0,1,0
"NJ",1985,29.3215,69.584,0.432774,0,1,0
"NJ",1989,62.2016,37.7984,0,1,0,NA
"NJ",1993,49.4667,50.5333,0,0,1,NA
"NJ",1997,49.4328,50.5672,0,0,1,NA
"NJ",2001,56.7057,42.2043,1.09002,1,0,0
"NJ",2005,52.6486,43.7773,1.20649,1,0,0
"NJ",2009,44.8792,48.457,5.75896,0,1,0
"NM",1946,52.8199,47.1801,0,1,0,NA
"NM",1948,54.7228,45.2772,0,1,0,NA
"NM",1950,46.2579,53.7421,0,0,1,NA
"NM",1952,46.2353,53.7647,0,0,1,NA
"NM",1954,57.0145,42.9855,0,1,0,NA
"NM",1956,47.7706,52.2294,0,0,1,NA
"NM",1958,50.4667,49.5333,0,1,0,NA
"NM",1960,49.6747,50.3253,0,0,1,NA
"NM",1962,52.9842,47.0158,0,1,0,NA
"NM",1964,60.2122,39.7878,0,1,0,NA
"NM",1966,48.2633,51.7367,0,0,1,NA
"NM",1968,49.5415,50.4585,0,0,1,NA
"NM",1970,51.2581,46.3694,1.60213,1,0,0
"NM",1974,49.9513,48.8128,1.23591,1,0,0
"NM",1978,50.5475,49.4525,0,1,0,NA
"NM",1982,52.9713,47.0287,0,1,0,NA
"NM",1986,46.951,53.049,0,0,1,NA
"NM",1990,54.6071,45.1546,0.191617,1,0,0
"NM",1994,39.9225,49.8149,10.2626,0,1,0
"NM",1998,45.4689,54.5311,0,0,1,NA
"NM",2002,55.4849,39.0497,5.46539,1,0,0
"NM",2006,68.8174,31.1826,0,1,0,NA
"NM",2010,46.6266,53.3734,0,0,1,NA
"NV",1946,57.4225,42.5775,0,1,0,NA
"NV",1950,42.3551,57.6449,0,0,1,NA
"NV",1954,46.8979,53.1021,0,0,1,NA
"NV",1958,59.9182,40.0818,0,1,0,NA
"NV",1962,66.8365,33.1634,0,1,0,NA
"NV",1966,47.8439,52.1561,0,0,1,NA
"NV",1970,48.0961,43.8122,4.40775,1,0,0
"NV",1974,67.3815,17.0996,15.5189,1,0,0
"NV",1978,40.2386,57.2317,1.73765,0,1,0
"NV",1982,55.026,42.9895,1.98448,1,0,0
"NV",1986,73.4661,25.5316,1.00234,1,0,0
"NV",1990,64.8114,29.8647,2.81129,1,0,0
"NV",1994,56.0452,43.9548,0,1,0,NA
"NV",1998,44.0631,54.1218,1.81516,0,1,0
"NV",2002,22.0127,68.2347,4.69861,0,1,0
"NV",2006,43.92,47.9256,3.55556,0,1,0
"NV",2010,41.6133,53.3614,1.70698,0,1,0
"NY",1946,43.0788,56.9212,0,0,1,NA
"NY",1950,42.323,53.1101,4.18108,0,1,0
"NY",1954,49.6116,49.396,0.908366,1,0,0
"NY",1958,44.7073,54.7385,0.55419,0,1,0
"NY",1962,43.9667,53.0819,2.4439,0,1,0
"NY",1966,38.1061,44.6097,8.45601,0,1,0
"NY",1970,40.2708,52.4115,7.02684,0,1,0
"NY",1974,57.2177,41.9363,0.235389,1,0,0
"NY",1978,50.9461,45.2236,2.73038,1,0,0
"NY",1982,50.9108,47.478,0.996364,1,0,0
"NY",1986,64.6308,31.761,3.04618,1,0,0
"NY",1990,53.1709,21.3451,20.4002,1,0,0
"NY",1994,46.1796,49.5734,4.24694,0,1,0
"NY",1998,37.9092,62.0908,0,0,1,NA
"NY",2002,33.5092,49.4153,14.2859,0,1,0
"NY",2006,69.5641,28.7192,0.95028,1,0,0
"NY",2010,62.5591,33.2631,1.28759,1,0,0
"OH",1946,48.8767,50.637,0.486294,0,1,0
"OH",1948,53.6653,46.3347,0,1,0,NA
"OH",1950,52.6216,47.3784,0,1,0,NA
"OH",1952,55.895,44.105,0,1,0,NA
"OH",1954,54.0945,45.9055,0,1,0,NA
"OH",1956,43.96,56.04,0,0,1,NA
"OH",1958,56.9179,43.0821,0,1,0,NA
"OH",1962,41.0825,58.9175,0,0,1,NA
"OH",1966,37.8223,62.1777,0,0,1,NA
"OH",1970,54.1925,43.4234,1.92517,1,0,0
"OH",1974,48.2549,48.6267,3.11845,0,1,0
"OH",1978,47.6425,49.3143,1.23672,0,1,0
"OH",1982,59.0422,38.8463,1.16524,1,0,0
"OH",1986,60.6036,39.3702,0.0261867,1,0,0
"OH",1990,44.3943,55.6034,0.00236475,0,1,0
"OH",1994,24.9793,71.7709,3.24984,0,1,0
"OH",1998,47.1714,52.8286,0,0,1,NA
"OH",2002,38.2688,57.7984,3.9328,0,1,0
"OH",2006,60.5413,36.6493,1.77663,1,0,0
"OH",2010,47.0363,49.0383,2.39109,0,1,0
"OK",1946,52.4649,45.9819,1.45188,1,0,0
"OK",1950,51.1129,48.6135,0.27364,1,0,0
"OK",1954,58.6654,41.3346,0,1,0,NA
"OK",1958,74.1416,19.9494,5.909,1,0,0
"OK",1962,44.4313,55.2742,0.294464,0,1,0
"OK",1966,43.7541,55.6772,0.568764,0,1,0
"OK",1970,48.4177,48.1056,3.47672,1,0,0
"OK",1974,63.9113,36.0887,0,1,0,NA
"OK",1978,51.7408,47.2149,0.499991,1,0,0
"OK",1982,62.07,37.617,0.312978,1,0,0
"OK",1986,44.5813,47.4189,6.60222,0,1,0
"OK",1990,57.4112,32.6544,9.93445,1,0,0
"OK",1994,29.6415,46.908,23.4506,0,1,0
"OK",1998,41.4289,58.5711,0,0,1,NA
"OK",2002,43.2729,42.6099,14.1171,1,0,0
"OK",2006,66.5041,33.4959,0,1,0,NA
"OK",2010,39.551,60.449,0,0,1,NA
"OR",1946,30.9378,69.0622,0,0,1,NA
"OR",1948,44.5326,53.2343,2.23302,0,1,0
"OR",1950,33.9487,66.0513,0,0,1,NA
"OR",1954,43.0878,56.9122,0,0,1,NA
"OR",1958,44.668,55.332,0,0,1,NA
"OR",1962,41.6577,54.2383,4.10394,0,1,0
"OR",1966,44.6994,55.3006,0,0,1,NA
"OR",1970,44.1677,55.6002,0.232191,0,1,0
"OR",1974,57.8006,42.1994,0,1,0,NA
"OR",1978,45.0961,54.9039,0,0,1,NA
"OR",1982,35.9383,61.4316,2.63012,0,1,0
"OR",1986,52.01,47.99,0,1,0,NA
"OR",1990,45.7492,39.9847,12.9548,1,0,0
"OR",1994,54.5707,45.4293,0,1,0,NA
"OR",1998,68.2225,31.7775,0,1,0,NA
"OR",2002,49.0736,46.3449,4.58144,1,0,0
"OR",2006,50.8563,42.8214,3.64776,1,0,0
"OR",2010,49.4041,47.8708,1.41174,1,0,0
"PA",1946,40.6834,58.5296,0.442959,0,1,0
"PA",1950,48.3143,50.737,0.346943,0,1,0
"PA",1954,53.6565,46.1521,0.120173,1,0,0
"PA",1958,50.7882,48.8799,0.21764,1,0,0
"PA",1962,44.2823,55.3902,0.327555,0,1,0
"PA",1966,46.1336,52.0988,1.40898,0,1,0
"PA",1970,41.6997,55.2183,2.25427,0,1,0
"PA",1974,53.8049,45.23,0.96512,1,0,0
"PA",1978,46.4479,52.5457,0.53619,0,1,0
"PA",1982,48.1097,50.8358,0.420604,0,1,0
"PA",1986,50.689,48.3511,0.959869,1,0,0
"PA",1990,67.6517,32.3483,0,1,0,NA
"PA",1994,40.6469,46.2711,13.082,0,1,0
"PA",1998,31.382,58.0622,10.5558,0,1,0
"PA",2002,53.2955,44.4893,1.14601,1,0,0
"PA",2006,60.3647,39.6353,0,1,0,NA
"PA",2010,45.5113,54.4887,0,0,1,NA
"RI",1946,54.0729,45.9271,0,1,0,NA
"RI",1948,61.1543,38.424,0.421783,1,0,0
"RI",1950,59.3397,40.6603,0,1,0,NA
"RI",1952,52.6221,47.3779,0,1,0,NA
"RI",1954,57.6855,41.723,0.591475,1,0,0
"RI",1956,50.0926,49.9074,0,1,0,NA
"RI",1958,49.1017,50.8983,0,0,1,NA
"RI",1960,56.6367,43.3633,0,1,0,NA
"RI",1962,49.9392,50.0608,0,0,1,NA
"RI",1964,38.8507,61.1493,0,0,1,NA
"RI",1966,36.6983,63.3017,0,0,1,NA
"RI",1968,51.0174,48.9826,0,1,0,NA
"RI",1970,50.072,49.5318,0.396141,1,0,0
"RI",1972,52.5482,47.065,0.386809,1,0,0
"RI",1974,78.4791,21.5209,0,1,0,NA
"RI",1976,54.8207,44.7107,0.317796,1,0,0
"RI",1978,62.7892,30.7275,6.48327,1,0,0
"RI",1980,73.7058,26.2942,0,1,0,NA
"RI",1982,73.3015,23.6034,2.08541,1,0,0
"RI",1984,39.9909,60.0091,0,0,1,NA
"RI",1986,32.3771,64.6966,1.84775,0,1,0
"RI",1988,49.1743,50.8257,0,0,1,NA
"RI",1990,74.1503,25.8497,0,1,0,NA
"RI",1992,62.024,34.534,3.44201,1,0,0
"RI",1994,43.5448,47.3727,9.08248,0,1,0
"RI",1998,42.4357,51.335,6.22935,0,1,0
"RI",2002,45.2476,54.7524,0,0,1,NA
"RI",2006,51.0086,48.9914,0,1,0,NA
"SC",1946,100,0,0,1,0,NA
"SC",1950,100,0,0,1,0,NA
"SC",1954,100,0,0,1,0,NA
"SC",1958,100,0,0,1,0,NA
"SC",1962,100,0,0,1,0,NA
"SC",1966,58.1563,41.8437,0,1,0,NA
"SC",1970,51.6752,45.6285,2.01255,1,0,0
"SC",1974,47.58,50.8619,1.55811,0,1,0
"SC",1978,61.3767,37.7724,0.850949,1,0,0
"SC",1982,69.801,30.199,0,1,0,NA
"SC",1986,47.9591,51.0434,0.558927,0,1,0
"SC",1990,27.9667,69.7513,2.28208,0,1,0
"SC",1994,48.2847,50.8506,0.864692,0,1,0
"SC",1998,53.3248,45.282,1.3932,1,0,0
"SC",2002,47.0954,52.9046,0,0,1,NA
"SC",2006,44.8305,55.1695,0,0,1,NA
"SC",2010,47.0136,51.4866,0.930826,0,1,0
"SD",1946,32.8383,67.1617,0,0,1,NA
"SD",1948,38.916,61.084,0,0,1,NA
"SD",1950,39.1061,60.8939,0,0,1,NA
"SD",1952,29.8473,70.1527,0,0,1,NA
"SD",1954,43.3333,56.6667,0,0,1,NA
"SD",1956,45.6131,54.3869,0,0,1,NA
"SD",1958,51.4018,48.5982,0,1,0,NA
"SD",1960,49.2721,50.7279,0,0,1,NA
"SD",1962,43.9005,56.0995,0,0,1,NA
"SD",1964,48.3254,51.6746,0,0,1,NA
"SD",1966,42.2866,57.7134,0,0,1,NA
"SD",1968,42.3465,57.6535,0,0,1,NA
"SD",1970,54.8485,45.1515,0,1,0,NA
"SD",1972,60.0343,39.9657,0,1,0,NA
"SD",1974,53.646,46.354,0,1,0,NA
"SD",1978,43.3723,56.6277,0,0,1,NA
"SD",1982,29.1267,70.8733,0,0,1,NA
"SD",1986,48.1923,51.8077,0,0,1,NA
"SD",1990,41.1046,58.8954,0,0,1,NA
"SD",1994,40.5224,55.3619,4.11568,0,1,0
"SD",1998,33.9052,66.0948,0,0,1,NA
"SD",2002,41.928,56.7666,0.712351,0,1,0
"SD",2006,36.134,61.6927,1.19392,0,1,0
"SD",2010,38.4874,61.5126,0,0,1,NA
"TN",1946,65.3448,31.9113,2.74389,1,0,0
"TN",1948,66.9096,33.0881,0.00239026,1,0,0
"TN",1950,78.0871,21.9129,0,1,0,NA
"TN",1952,79.3655,20.6228,0.0116515,1,0,0
"TN",1970,45.9756,51.954,2.07039,0,1,0
"TN",1974,55.2718,43.9226,0.233596,1,0,0
"TN",1978,44.0062,55.6458,0.167116,0,1,0
"TN",1982,40.434,59.566,0,0,1,NA
"TN",1986,54.2623,45.7377,0,1,0,NA
"TN",1990,60.8457,36.6108,1.39093,1,0,0
"TN",1994,45.1456,54.8544,0,0,1,NA
"TN",1998,30.0452,69.9548,0,0,1,NA
"TN",2002,51.4962,48.5038,0,1,0,NA
"TN",2006,68.5984,29.741,0.625446,1,0,0
"TN",2010,33.0829,65.0321,0.408095,0,1,0
"TX",1946,91.2148,8.78522,0,1,0,NA
"TX",1948,84.7197,14.6747,0.309956,1,0,0
"TX",1950,90.2262,9.77384,0,1,0,NA
"TX",1952,100,0,0,1,0,NA
"TX",1954,89.5933,10.4067,0,1,0,NA
"TX",1956,78.4699,14.844,6.68603,1,0,0
"TX",1958,88.0758,11.9242,0,1,0,NA
"TX",1960,72.7659,27.2341,0,1,0,NA
"TX",1962,53.9795,45.5668,0.45374,1,0,0
"TX",1964,73.7914,26.0018,0.206859,1,0,0
"TX",1966,72.7671,25.8117,0.733199,1,0,0
"TX",1968,56.9897,43.0103,0,1,0,NA
"TX",1970,53.5788,46.4212,0,1,0,NA
"TX",1972,47.9635,45.0417,6.28705,1,0,0
"TX",1974,61.3522,31.168,5.64044,1,0,0
"TX",1978,49.2469,49.9583,0.59954,0,1,0
"TX",1982,53.2017,45.944,0.601522,1,0,0
"TX",1986,46.0419,52.7038,1.23482,0,1,0
"TX",1990,49.4696,46.9202,3.31724,1,0,0
"TX",1994,46.1759,53.8241,0,0,1,NA
"TX",1998,31.3634,68.6366,0,0,1,NA
"TX",2002,39.9962,57.8338,1.4607,0,1,0
"TX",2006,29.7864,39.0258,18.1139,0,1,0
"TX",2010,42.2982,54.9709,2.19305,0,1,0
"UT",1948,45.0123,54.9877,0,0,1,NA
"UT",1952,44.9149,55.0851,0,0,1,NA
"UT",1956,33.4337,38.2001,28.3662,0,1,0
"UT",1960,47.3379,52.6621,0,0,1,NA
"UT",1964,56.9875,43.0125,0,1,0,NA
"UT",1968,68.7113,31.2887,0,1,0,NA
"UT",1972,69.682,30.318,0,1,0,NA
"UT",1976,52.0075,45.9693,1.33463,1,0,0
"UT",1980,55.1606,44.4283,0.411154,1,0,0
"UT",1984,43.7835,55.8738,0.342747,0,1,0
"UT",1988,38.4094,40.1258,21.0519,0,1,0
"UT",1996,23.5495,75.7376,0.712879,0,1,0
"UT",2000,42.2652,55.7671,1.96769,0,1,0
"UT",2004,42.5201,56.5578,0.922113,0,1,0
"UT",2008,19.4927,77.8998,2.60743,0,1,0
"UT",2012,27.5823,68.4131,2.24645,0,1,0
"VA",1949,70.4344,27.4427,2.12288,1,0,0
"VA",1953,54.8296,44.2815,0.888876,1,0,0
"VA",1957,63.1563,36.4401,0.403564,1,0,0
"VA",1961,63.8547,36.1453,0,1,0,NA
"VA",1965,47.8927,37.7076,13.3815,1,0,0
"VA",1969,45.3952,52.5124,1.15712,0,1,0
"VA",1977,43.2805,55.9119,0.807614,0,1,0
"VA",1981,53.5555,46.4445,0,1,0,NA
"VA",1985,55.2039,44.7961,0,1,0,NA
"VA",1989,50.1886,49.8114,0,1,0,NA
"VA",1993,41.2361,58.7639,0,0,1,NA
"VA",1997,42.6168,55.8863,1.49684,0,1,0
"VA",2001,52.1858,47.0455,0.768701,1,0,0
"VA",2005,51.7572,46.0255,2.21736,1,0,0
"VA",2009,41.3083,58.6917,0,0,1,NA
"VT",1946,19.5927,80.4073,0,0,1,NA
"VT",1948,27.9942,72.0058,0,0,1,NA
"VT",1950,25.5066,74.4934,0,0,1,NA
"VT",1952,39.8121,51.9359,8.25201,0,1,0
"VT",1954,47.7154,52.2846,0,0,1,NA
"VT",1956,42.536,57.464,0,0,1,NA
"VT",1958,49.7094,50.2906,0,0,1,NA
"VT",1960,43.5893,56.4107,0,0,1,NA
"VT",1962,50.5417,49.4583,0,1,0,NA
"VT",1964,64.9325,35.0675,0,1,0,NA
"VT",1966,57.7404,42.2596,0,1,0,NA
"VT",1968,44.4949,55.5051,0,0,1,NA
"VT",1970,43.0189,56.9811,0,0,1,NA
"VT",1972,55.2503,43.6001,1.14958,1,0,0
"VT",1974,56.5682,38.0267,5.40516,1,0,0
"VT",1976,40.4968,53.4138,6.08942,0,1,0
"VT",1978,34.1792,62.9011,2.91974,0,1,0
"VT",1980,36.6549,58.7944,2.53968,0,1,0
"VT",1982,43.9795,55.0445,0.502495,0,1,0
"VT",1984,50.0739,48.5006,0.815309,1,0,0
"VT",1986,46.9804,38.2245,14.4584,1,0,0
"VT",1988,55.4341,43.3769,1.18904,1,0,0
"VT",1990,46.1178,51.9081,1.31595,0,1,0
"VT",1992,76.4329,23.5671,0,1,0,NA
"VT",1994,72.4851,20.0505,7.46443,1,0,0
"VT",1996,74.5426,23.7319,1.72548,1,0,0
"VT",1998,56.62,41.8389,1.54111,1,0,0
"VT",2000,51.4927,38.729,9.77832,1,0,0
"VT",2002,42.4174,44.9698,9.71819,0,1,0
"VT",2004,37.9928,58.7001,1.36684,0,1,0
"VT",2006,41.1974,56.414,0.944083,0,1,0
"VT",2010,49.6142,47.8167,0.795617,1,0,0
"VT",2012,57.9905,37.6779,1.99292,1,0,0
"WA",1948,47.2218,50.4968,2.17678,0,1,0
"WA",1952,47.3506,52.6494,0,0,1,NA
"WA",1956,54.6311,45.0001,0.368741,1,0,0
"WA",1960,50.3383,48.8688,0.711249,1,0,0
"WA",1964,43.8857,55.7683,0.346004,0,1,0
"WA",1968,44.2771,54.7181,0.916897,0,1,0
"WA",1972,42.8248,50.7846,5.89749,0,1,0
"WA",1976,53.1432,44.4288,0.80226,1,0,0
"WA",1980,43.3194,56.6806,0,0,1,NA
"WA",1984,53.3086,46.6914,0,1,0,NA
"WA",1988,62.2129,37.7871,0,1,0,NA
"WA",1992,52.1603,47.8397,0,1,0,NA
"WA",1996,57.956,42.044,0,1,0,NA
"WA",2000,58.383,39.6809,1.93611,1,0,0
"WA",2004,48.873,48.8685,2.25849,1,0,0
"WA",2008,53.2405,46.7595,0,1,0,NA
"WA",2012,51.5395,48.4605,0,1,0,NA
"WI",1946,39.0759,59.7887,0.864766,0,1,0
"WI",1948,44.1117,54.0906,1.02109,0,1,0
"WI",1950,46.1581,53.2164,0.328182,0,1,0
"WI",1952,37.2723,62.4982,0.229513,0,1,0
"WI",1954,48.3975,51.4538,0.148624,0,1,0
"WI",1956,48.1109,51.8891,0,0,1,NA
"WI",1958,53.5943,46.2821,0.123526,1,0,0
"WI",1960,51.5551,48.4449,0,1,0,NA
"WI",1962,50.3745,49.4298,0.195732,1,0,0
"WI",1964,49.443,50.557,0,0,1,NA
"WI",1966,46.0887,53.5058,0.40554,0,1,0
"WI",1968,46.8217,52.8801,0.190873,0,1,0
"WI",1970,54.2427,44.8757,0.672819,1,0,0
"WI",1974,53.1985,42.0746,2.8373,1,0,0
"WI",1978,44.8968,54.3746,0.42344,0,1,0
"WI",1982,56.7556,41.9483,0.616025,1,0,0
"WI",1986,46.2198,52.7384,0.676221,0,1,0
"WI",1990,41.8018,58.1982,0,0,1,NA
"WI",1994,30.8895,67.2568,0.744585,0,1,0
"WI",1998,39.3426,60.6574,0,0,1,NA
"WI",2002,45.4341,41.567,10.4987,1,0,0
"WI",2006,52.7551,45.3596,1.88533,1,0,0
"WI",2010,46.6656,52.457,0.492908,0,1,0
"WV",1948,57.1246,42.8754,0,1,0,NA
"WV",1952,51.5449,48.4551,0,1,0,NA
"WV",1956,46.1241,53.8759,0,0,1,NA
"WV",1960,53.9937,46.0063,0,1,0,NA
"WV",1964,54.9116,45.0884,0,1,0,NA
"WV",1968,49.1406,50.8594,0,0,1,NA
"WV",1972,45.263,54.737,0,0,1,NA
"WV",1976,66.1684,33.8316,0,1,0,NA
"WV",1980,54.1485,45.4409,0.410564,1,0,0
"WV",1984,46.7382,53.2618,0,0,1,NA
"WV",1988,58.8709,41.1291,0,1,0,NA
"WV",1992,56.01,36.5576,7.43242,1,0,0
"WV",1996,45.7984,51.6289,2.57271,0,1,0
"WV",2000,50.6613,47.7142,1.62455,1,0,0
"WV",2004,63.5155,34.0084,2.47609,1,0,0
"WV",2008,73.0669,26.9331,0,1,0,NA
"WV",2012,50.0812,46.0241,2.55776,1,0,0
"WY",1946,52.8807,47.1193,0,1,0,NA
"WY",1950,43.8515,56.1485,0,0,1,NA
"WY",1954,49.5011,50.4989,0,0,1,NA
"WY",1958,48.935,46.6407,4.42432,1,0,0
"WY",1962,45.526,54.474,0,0,1,NA
"WY",1966,45.7083,54.2917,0,0,1,NA
"WY",1970,37.2139,62.7861,0,0,1,NA
"WY",1974,55.9728,44.0272,0,1,0,NA
"WY",1978,50.8639,49.1361,0,1,0,NA
"WY",1982,63.1408,36.8592,0,1,0,NA
"WY",1986,53.9576,46.0424,0,1,0,NA
"WY",1990,65.3542,34.6458,0,1,0,NA
"WY",1994,40.6248,59.3752,0,0,1,NA
"WY",1998,40.4567,55.5984,3.94481,0,1,0
"WY",2002,49.9636,47.9206,2.11583,1,0,0
"WY",2006,69.9921,30.0079,0,1,0,NA
"WY",2010,25.0838,71.8056,3.11053,0,1,0
